{
	"indicator": "weight-for-length",
	"gender": "boys",
	"unit": "kg",
	"length_unit": "cm",
	"standards": {
		"45": {
			"sam": { "max": 1.9 },
			"mam": { "min": 1.9, "max": 2.2 },
			"normal": { "min": 2.2, "max": 3.1 },
			"overweight": { "min": 3.1, "max": 3.6 },
			"obese": { "min": 3.6 }
		},
		"45.5": {
			"sam": { "max": 1.9 },
			"mam": { "min": 1.9, "max": 2.2 },
			"normal": { "min": 2.2, "max": 3.1 },
			"overweight": { "min": 3.1, "max": 3.6 },
			"obese": { "min": 3.6 }
		},
		"46": {
			"sam": { "max": 2.0 },
			"mam": { "min": 2.0, "max": 2.3 },
			"normal": { "min": 2.3, "max": 3.2 },
			"overweight": { "min": 3.2, "max": 3.7 },
			"obese": { "min": 3.7 }
		},
		"46.5": {
			"sam": { "max": 2.0 },
			"mam": { "min": 2.0, "max": 2.3 },
			"normal": { "min": 2.3, "max": 3.2 },
			"overweight": { "min": 3.2, "max": 3.7 },
			"obese": { "min": 3.7 }
		},
		"47": {
			"sam": { "max": 2.1 },
			"mam": { "min": 2.1, "max": 2.4 },
			"normal": { "min": 2.4, "max": 3.3 },
			"overweight": { "min": 3.3, "max": 3.8 },
			"obese": { "min": 3.8 }
		},
		"47.5": {
			"sam": { "max": 2.1 },
			"mam": { "min": 2.1, "max": 2.4 },
			"normal": { "min": 2.4, "max": 3.3 },
			"overweight": { "min": 3.3, "max": 3.9 },
			"obese": { "min": 3.9 }
		},
		"48": {
			"sam": { "max": 2.2 },
			"mam": { "min": 2.2, "max": 2.5 },
			"normal": { "min": 2.5, "max": 3.4 },
			"overweight": { "min": 3.4, "max": 4.0 },
			"obese": { "min": 4.0 }
		},
		"48.5": {
			"sam": { "max": 2.2 },
			"mam": { "min": 2.2, "max": 2.5 },
			"normal": { "min": 2.5, "max": 3.5 },
			"overweight": { "min": 3.5, "max": 4.1 },
			"obese": { "min": 4.1 }
		},
		"49": {
			"sam": { "max": 2.3 },
			"mam": { "min": 2.3, "max": 2.6 },
			"normal": { "min": 2.6, "max": 3.6 },
			"overweight": { "min": 3.6, "max": 4.2 },
			"obese": { "min": 4.2 }
		},
		"49.5": {
			"sam": { "max": 2.4 },
			"mam": { "min": 2.4, "max": 2.7 },
			"normal": { "min": 2.7, "max": 3.7 },
			"overweight": { "min": 3.7, "max": 4.3 },
			"obese": { "min": 4.3 }
		},
		"50": {
			"sam": { "max": 2.6 },
			"mam": { "min": 2.6, "max": 2.8 },
			"normal": { "min": 2.8, "max": 4.0 },
			"overweight": { "min": 4.0, "max": 4.6 },
			"obese": { "min": 4.6 }
		},
		"50.5": {
			"sam": { "max": 2.7 },
			"mam": { "min": 2.7, "max": 2.9 },
			"normal": { "min": 2.9, "max": 4.1 },
			"overweight": { "min": 4.1, "max": 4.7 },
			"obese": { "min": 4.7 }
		},
		"51": {
			"sam": { "max": 2.8 },
			"mam": { "min": 2.8, "max": 3.0 },
			"normal": { "min": 3.0, "max": 4.2 },
			"overweight": { "min": 4.2, "max": 4.8 },
			"obese": { "min": 4.8 }
		},
		"51.5": {
			"sam": { "max": 2.9 },
			"mam": { "min": 2.9, "max": 3.1 },
			"normal": { "min": 3.1, "max": 4.3 },
			"overweight": { "min": 4.3, "max": 5.0 },
			"obese": { "min": 5.0 }
		},
		"52": {
			"sam": { "max": 3.0 },
			"mam": { "min": 3.0, "max": 3.2 },
			"normal": { "min": 3.2, "max": 4.4 },
			"overweight": { "min": 4.4, "max": 5.1 },
			"obese": { "min": 5.1 }
		},
		"52.5": {
			"sam": { "max": 3.1 },
			"mam": { "min": 3.1, "max": 3.3 },
			"normal": { "min": 3.3, "max": 4.5 },
			"overweight": { "min": 4.5, "max": 5.2 },
			"obese": { "min": 5.2 }
		},
		"53": {
			"sam": { "max": 3.2 },
			"mam": { "min": 3.2, "max": 3.4 },
			"normal": { "min": 3.4, "max": 4.6 },
			"overweight": { "min": 4.6, "max": 5.3 },
			"obese": { "min": 5.3 }
		},
		"53.5": {
			"sam": { "max": 3.3 },
			"mam": { "min": 3.3, "max": 3.5 },
			"normal": { "min": 3.5, "max": 4.7 },
			"overweight": { "min": 4.7, "max": 5.4 },
			"obese": { "min": 5.4 }
		},
		"54": {
			"sam": { "max": 3.4 },
			"mam": { "min": 3.4, "max": 3.6 },
			"normal": { "min": 3.6, "max": 4.8 },
			"overweight": { "min": 4.8, "max": 5.6 },
			"obese": { "min": 5.6 }
		},
		"54.5": {
			"sam": { "max": 3.5 },
			"mam": { "min": 3.5, "max": 3.7 },
			"normal": { "min": 3.7, "max": 4.9 },
			"overweight": { "min": 4.9, "max": 5.7 },
			"obese": { "min": 5.7 }
		},
		"55": {
			"sam": { "max": 3.6 },
			"mam": { "min": 3.6, "max": 3.8 },
			"normal": { "min": 3.8, "max": 5.4 },
			"overweight": { "min": 5.4, "max": 6.2 },
			"obese": { "min": 6.2 }
		},
		"55.5": {
			"sam": { "max": 3.7 },
			"mam": { "min": 3.7, "max": 3.9 },
			"normal": { "min": 3.9, "max": 5.5 },
			"overweight": { "min": 5.5, "max": 6.3 },
			"obese": { "min": 6.3 }
		},
		"56": {
			"sam": { "max": 3.8 },
			"mam": { "min": 3.8, "max": 4.0 },
			"normal": { "min": 4.0, "max": 5.6 },
			"overweight": { "min": 5.6, "max": 6.4 },
			"obese": { "min": 6.4 }
		},
		"56.5": {
			"sam": { "max": 3.9 },
			"mam": { "min": 3.9, "max": 4.1 },
			"normal": { "min": 4.1, "max": 5.7 },
			"overweight": { "min": 5.7, "max": 6.5 },
			"obese": { "min": 6.5 }
		},
		"57": {
			"sam": { "max": 4.0 },
			"mam": { "min": 4.0, "max": 4.2 },
			"normal": { "min": 4.2, "max": 5.8 },
			"overweight": { "min": 5.8, "max": 6.7 },
			"obese": { "min": 6.7 }
		},
		"57.5": {
			"sam": { "max": 4.1 },
			"mam": { "min": 4.1, "max": 4.3 },
			"normal": { "min": 4.3, "max": 5.9 },
			"overweight": { "min": 5.9, "max": 6.8 },
			"obese": { "min": 6.8 }
		},
		"58": {
			"sam": { "max": 4.2 },
			"mam": { "min": 4.2, "max": 4.4 },
			"normal": { "min": 4.4, "max": 6.0 },
			"overweight": { "min": 6.0, "max": 6.9 },
			"obese": { "min": 6.9 }
		},
		"58.5": {
			"sam": { "max": 4.3 },
			"mam": { "min": 4.3, "max": 4.5 },
			"normal": { "min": 4.5, "max": 6.1 },
			"overweight": { "min": 6.1, "max": 7.0 },
			"obese": { "min": 7.0 }
		},
		"59": {
			"sam": { "max": 4.4 },
			"mam": { "min": 4.4, "max": 4.6 },
			"normal": { "min": 4.6, "max": 6.2 },
			"overweight": { "min": 6.2, "max": 7.1 },
			"obese": { "min": 7.1 }
		},
		"59.5": {
			"sam": { "max": 4.5 },
			"mam": { "min": 4.5, "max": 4.7 },
			"normal": { "min": 4.7, "max": 6.3 },
			"overweight": { "min": 6.3, "max": 7.2 },
			"obese": { "min": 7.2 }
		},
		"60": {
			"sam": { "max": 4.7 },
			"mam": { "min": 4.7, "max": 5.1 },
			"normal": { "min": 5.1, "max": 7.1 },
			"overweight": { "min": 7.1, "max": 8.1 },
			"obese": { "min": 8.1 }
		},
		"60.5": {
			"sam": { "max": 4.8 },
			"mam": { "min": 4.8, "max": 5.2 },
			"normal": { "min": 5.2, "max": 7.2 },
			"overweight": { "min": 7.2, "max": 8.2 },
			"obese": { "min": 8.2 }
		},
		"61": {
			"sam": { "max": 4.9 },
			"mam": { "min": 4.9, "max": 5.3 },
			"normal": { "min": 5.3, "max": 7.3 },
			"overweight": { "min": 7.3, "max": 8.3 },
			"obese": { "min": 8.3 }
		},
		"61.5": {
			"sam": { "max": 5.0 },
			"mam": { "min": 5.0, "max": 5.4 },
			"normal": { "min": 5.4, "max": 7.4 },
			"overweight": { "min": 7.4, "max": 8.5 },
			"obese": { "min": 8.5 }
		},
		"62": {
			"sam": { "max": 5.1 },
			"mam": { "min": 5.1, "max": 5.5 },
			"normal": { "min": 5.5, "max": 7.5 },
			"overweight": { "min": 7.5, "max": 8.6 },
			"obese": { "min": 8.6 }
		},
		"62.5": {
			"sam": { "max": 5.2 },
			"mam": { "min": 5.2, "max": 5.6 },
			"normal": { "min": 5.6, "max": 7.6 },
			"overweight": { "min": 7.6, "max": 8.7 },
			"obese": { "min": 8.7 }
		},
		"63": {
			"sam": { "max": 5.3 },
			"mam": { "min": 5.3, "max": 5.7 },
			"normal": { "min": 5.7, "max": 7.7 },
			"overweight": { "min": 7.7, "max": 8.8 },
			"obese": { "min": 8.8 }
		},
		"63.5": {
			"sam": { "max": 5.4 },
			"mam": { "min": 5.4, "max": 5.8 },
			"normal": { "min": 5.8, "max": 7.8 },
			"overweight": { "min": 7.8, "max": 8.9 },
			"obese": { "min": 8.9 }
		},
		"64": {
			"sam": { "max": 5.5 },
			"mam": { "min": 5.5, "max": 5.9 },
			"normal": { "min": 5.9, "max": 7.9 },
			"overweight": { "min": 7.9, "max": 9.0 },
			"obese": { "min": 9.0 }
		},
		"64.5": {
			"sam": { "max": 5.6 },
			"mam": { "min": 5.6, "max": 6.0 },
			"normal": { "min": 6.0, "max": 8.0 },
			"overweight": { "min": 8.0, "max": 9.1 },
			"obese": { "min": 9.1 }
		},
		"65": {
			"sam": { "max": 5.7 },
			"mam": { "min": 5.7, "max": 6.2 },
			"normal": { "min": 6.2, "max": 8.7 },
			"overweight": { "min": 8.7, "max": 9.9 },
			"obese": { "min": 9.9 }
		},
		"65.5": {
			"sam": { "max": 5.8 },
			"mam": { "min": 5.8, "max": 6.3 },
			"normal": { "min": 6.3, "max": 8.8 },
			"overweight": { "min": 8.8, "max": 10.0 },
			"obese": { "min": 10.0 }
		},
		"66": {
			"sam": { "max": 5.9 },
			"mam": { "min": 5.9, "max": 6.4 },
			"normal": { "min": 6.4, "max": 8.9 },
			"overweight": { "min": 8.9, "max": 10.1 },
			"obese": { "min": 10.1 }
		},
		"66.5": {
			"sam": { "max": 6.0 },
			"mam": { "min": 6.0, "max": 6.5 },
			"normal": { "min": 6.5, "max": 9.0 },
			"overweight": { "min": 9.0, "max": 10.2 },
			"obese": { "min": 10.2 }
		},
		"67": {
			"sam": { "max": 6.1 },
			"mam": { "min": 6.1, "max": 6.6 },
			"normal": { "min": 6.6, "max": 9.1 },
			"overweight": { "min": 9.1, "max": 10.3 },
			"obese": { "min": 10.3 }
		},
		"67.5": {
			"sam": { "max": 6.2 },
			"mam": { "min": 6.2, "max": 6.7 },
			"normal": { "min": 6.7, "max": 9.2 },
			"overweight": { "min": 9.2, "max": 10.4 },
			"obese": { "min": 10.4 }
		},
		"68": {
			"sam": { "max": 6.3 },
			"mam": { "min": 6.3, "max": 6.8 },
			"normal": { "min": 6.8, "max": 9.3 },
			"overweight": { "min": 9.3, "max": 10.5 },
			"obese": { "min": 10.5 }
		},
		"68.5": {
			"sam": { "max": 6.4 },
			"mam": { "min": 6.4, "max": 6.9 },
			"normal": { "min": 6.9, "max": 9.4 },
			"overweight": { "min": 9.4, "max": 10.6 },
			"obese": { "min": 10.6 }
		},
		"69": {
			"sam": { "max": 6.5 },
			"mam": { "min": 6.5, "max": 7.0 },
			"normal": { "min": 7.0, "max": 9.5 },
			"overweight": { "min": 9.5, "max": 10.7 },
			"obese": { "min": 10.7 }
		},
		"69.5": {
			"sam": { "max": 6.6 },
			"mam": { "min": 6.6, "max": 7.2 },
			"normal": { "min": 7.2, "max": 10.0 },
			"overweight": { "min": 10.0, "max": 11.4 },
			"obese": { "min": 11.4 }
		},
		"70": {
			"sam": { "max": 6.6 },
			"mam": { "min": 6.6, "max": 7.2 },
			"normal": { "min": 7.2, "max": 10.0 },
			"overweight": { "min": 10.0, "max": 11.4 },
			"obese": { "min": 11.4 }
		},
		"70.5": {
			"sam": { "max": 6.7 },
			"mam": { "min": 6.7, "max": 7.3 },
			"normal": { "min": 7.3, "max": 10.1 },
			"overweight": { "min": 10.1, "max": 11.5 },
			"obese": { "min": 11.5 }
		},
		"71": {
			"sam": { "max": 6.8 },
			"mam": { "min": 6.8, "max": 7.4 },
			"normal": { "min": 7.4, "max": 10.2 },
			"overweight": { "min": 10.2, "max": 11.6 },
			"obese": { "min": 11.6 }
		},
		"71.5": {
			"sam": { "max": 6.9 },
			"mam": { "min": 6.9, "max": 7.5 },
			"normal": { "min": 7.5, "max": 10.3 },
			"overweight": { "min": 10.3, "max": 11.7 },
			"obese": { "min": 11.7 }
		},
		"72": {
			"sam": { "max": 7.0 },
			"mam": { "min": 7.0, "max": 7.6 },
			"normal": { "min": 7.6, "max": 10.4 },
			"overweight": { "min": 10.4, "max": 11.8 },
			"obese": { "min": 11.8 }
		},
		"72.5": {
			"sam": { "max": 7.1 },
			"mam": { "min": 7.1, "max": 7.7 },
			"normal": { "min": 7.7, "max": 10.5 },
			"overweight": { "min": 10.5, "max": 11.9 },
			"obese": { "min": 11.9 }
		},
		"73": {
			"sam": { "max": 7.2 },
			"mam": { "min": 7.2, "max": 7.8 },
			"normal": { "min": 7.8, "max": 10.6 },
			"overweight": { "min": 10.6, "max": 12.0 },
			"obese": { "min": 12.0 }
		},
		"73.5": {
			"sam": { "max": 7.3 },
			"mam": { "min": 7.3, "max": 7.9 },
			"normal": { "min": 7.9, "max": 10.7 },
			"overweight": { "min": 10.7, "max": 12.1 },
			"obese": { "min": 12.1 }
		},
		"74": {
			"sam": { "max": 7.4 },
			"mam": { "min": 7.4, "max": 8.0 },
			"normal": { "min": 8.0, "max": 10.8 },
			"overweight": { "min": 10.8, "max": 12.2 },
			"obese": { "min": 12.2 }
		},
		"74.5": {
			"sam": { "max": 7.5 },
			"mam": { "min": 7.5, "max": 8.1 },
			"normal": { "min": 8.1, "max": 11.3 },
			"overweight": { "min": 11.3, "max": 12.9 },
			"obese": { "min": 12.9 }
		},
		"75": {
			"sam": { "max": 7.5 },
			"mam": { "min": 7.5, "max": 8.1 },
			"normal": { "min": 8.1, "max": 11.3 },
			"overweight": { "min": 11.3, "max": 12.9 },
			"obese": { "min": 12.9 }
		},
		"75.5": {
			"sam": { "max": 7.6 },
			"mam": { "min": 7.6, "max": 8.2 },
			"normal": { "min": 8.2, "max": 11.4 },
			"overweight": { "min": 11.4, "max": 13.0 },
			"obese": { "min": 13.0 }
		},
		"76": {
			"sam": { "max": 7.7 },
			"mam": { "min": 7.7, "max": 8.3 },
			"normal": { "min": 8.3, "max": 11.5 },
			"overweight": { "min": 11.5, "max": 13.1 },
			"obese": { "min": 13.1 }
		},
		"76.5": {
			"sam": { "max": 7.8 },
			"mam": { "min": 7.8, "max": 8.4 },
			"normal": { "min": 8.4, "max": 11.6 },
			"overweight": { "min": 11.6, "max": 13.2 },
			"obese": { "min": 13.2 }
		},
		"77": {
			"sam": { "max": 7.9 },
			"mam": { "min": 7.9, "max": 8.5 },
			"normal": { "min": 8.5, "max": 11.7 },
			"overweight": { "min": 11.7, "max": 13.3 },
			"obese": { "min": 13.3 }
		},
		"77.5": {
			"sam": { "max": 8.0 },
			"mam": { "min": 8.0, "max": 8.6 },
			"normal": { "min": 8.6, "max": 11.8 },
			"overweight": { "min": 11.8, "max": 13.4 },
			"obese": { "min": 13.4 }
		},
		"78": {
			"sam": { "max": 8.1 },
			"mam": { "min": 8.1, "max": 8.7 },
			"normal": { "min": 8.7, "max": 11.9 },
			"overweight": { "min": 11.9, "max": 13.5 },
			"obese": { "min": 13.5 }
		},
		"78.5": {
			"sam": { "max": 8.2 },
			"mam": { "min": 8.2, "max": 8.9 },
			"normal": { "min": 8.9, "max": 12.4 },
			"overweight": { "min": 12.4, "max": 14.1 },
			"obese": { "min": 14.1 }
		},
		"79": {
			"sam": { "max": 8.3 },
			"mam": { "min": 8.3, "max": 8.9 },
			"normal": { "min": 8.9, "max": 12.4 },
			"overweight": { "min": 12.4, "max": 14.1 },
			"obese": { "min": 14.1 }
		},
		"79.5": {
			"sam": { "max": 8.4 },
			"mam": { "min": 8.4, "max": 9.0 },
			"normal": { "min": 9.0, "max": 12.5 },
			"overweight": { "min": 12.5, "max": 14.2 },
			"obese": { "min": 14.2 }
		},
		"80": {
			"sam": { "max": 8.2 },
			"mam": { "min": 8.2, "max": 8.9 },
			"normal": { "min": 8.9, "max": 12.4 },
			"overweight": { "min": 12.4, "max": 14.1 },
			"obese": { "min": 14.1 }
		},
		"80.5": {
			"sam": { "max": 8.3 },
			"mam": { "min": 8.3, "max": 9.0 },
			"normal": { "min": 9.0, "max": 12.5 },
			"overweight": { "min": 12.5, "max": 14.2 },
			"obese": { "min": 14.2 }
		},
		"81": {
			"sam": { "max": 8.4 },
			"mam": { "min": 8.4, "max": 9.1 },
			"normal": { "min": 9.1, "max": 12.6 },
			"overweight": { "min": 12.6, "max": 14.3 },
			"obese": { "min": 14.3 }
		},
		"81.5": {
			"sam": { "max": 8.5 },
			"mam": { "min": 8.5, "max": 9.2 },
			"normal": { "min": 9.2, "max": 12.7 },
			"overweight": { "min": 12.7, "max": 14.4 },
			"obese": { "min": 14.4 }
		},
		"82": {
			"sam": { "max": 8.6 },
			"mam": { "min": 8.6, "max": 9.3 },
			"normal": { "min": 9.3, "max": 12.8 },
			"overweight": { "min": 12.8, "max": 14.5 },
			"obese": { "min": 14.5 }
		},
		"82.5": {
			"sam": { "max": 8.7 },
			"mam": { "min": 8.7, "max": 9.4 },
			"normal": { "min": 9.4, "max": 12.9 },
			"overweight": { "min": 12.9, "max": 14.6 },
			"obese": { "min": 14.6 }
		},
		"83": {
			"sam": { "max": 8.8 },
			"mam": { "min": 8.8, "max": 9.5 },
			"normal": { "min": 9.5, "max": 13.0 },
			"overweight": { "min": 13.0, "max": 14.7 },
			"obese": { "min": 14.7 }
		},
		"83.5": {
			"sam": { "max": 8.9 },
			"mam": { "min": 8.9, "max": 9.6 },
			"normal": { "min": 9.6, "max": 13.1 },
			"overweight": { "min": 13.1, "max": 14.8 },
			"obese": { "min": 14.8 }
		},
		"84": {
			"sam": { "max": 9.0 },
			"mam": { "min": 9.0, "max": 9.7 },
			"normal": { "min": 9.7, "max": 13.3 },
			"overweight": { "min": 13.3, "max": 15.0 },
			"obese": { "min": 15.0 }
		},
		"84.5": {
			"sam": { "max": 9.1 },
			"mam": { "min": 9.1, "max": 9.8 },
			"normal": { "min": 9.8, "max": 13.6 },
			"overweight": { "min": 13.6, "max": 15.5 },
			"obese": { "min": 15.5 }
		},
		"85": {
			"sam": { "max": 9.1 },
			"mam": { "min": 9.1, "max": 9.8 },
			"normal": { "min": 9.8, "max": 13.6 },
			"overweight": { "min": 13.6, "max": 15.5 },
			"obese": { "min": 15.5 }
		},
		"85.5": {
			"sam": { "max": 9.2 },
			"mam": { "min": 9.2, "max": 9.9 },
			"normal": { "min": 9.9, "max": 13.7 },
			"overweight": { "min": 13.7, "max": 15.6 },
			"obese": { "min": 15.6 }
		},
		"86": {
			"sam": { "max": 9.3 },
			"mam": { "min": 9.3, "max": 10.0 },
			"normal": { "min": 10.0, "max": 13.8 },
			"overweight": { "min": 13.8, "max": 15.7 },
			"obese": { "min": 15.7 }
		},
		"86.5": {
			"sam": { "max": 9.4 },
			"mam": { "min": 9.4, "max": 10.1 },
			"normal": { "min": 10.1, "max": 13.9 },
			"overweight": { "min": 13.9, "max": 15.8 },
			"obese": { "min": 15.8 }
		},
		"87": {
			"sam": { "max": 9.5 },
			"mam": { "min": 9.5, "max": 10.2 },
			"normal": { "min": 10.2, "max": 14.0 },
			"overweight": { "min": 14.0, "max": 15.9 },
			"obese": { "min": 15.9 }
		},
		"87.5": {
			"sam": { "max": 9.6 },
			"mam": { "min": 9.6, "max": 10.3 },
			"normal": { "min": 10.3, "max": 14.1 },
			"overweight": { "min": 14.1, "max": 16.0 },
			"obese": { "min": 16.0 }
		},
		"88": {
			"sam": { "max": 9.7 },
			"mam": { "min": 9.7, "max": 10.4 },
			"normal": { "min": 10.4, "max": 14.2 },
			"overweight": { "min": 14.2, "max": 16.1 },
			"obese": { "min": 16.1 }
		},
		"88.5": {
			"sam": { "max": 9.8 },
			"mam": { "min": 9.8, "max": 10.5 },
			"normal": { "min": 10.5, "max": 14.3 },
			"overweight": { "min": 14.3, "max": 16.2 },
			"obese": { "min": 16.2 }
		},
		"89": {
			"sam": { "max": 9.9 },
			"mam": { "min": 9.9, "max": 10.6 },
			"normal": { "min": 10.6, "max": 14.4 },
			"overweight": { "min": 14.4, "max": 16.3 },
			"obese": { "min": 16.3 }
		},
		"89.5": {
			"sam": { "max": 10.0 },
			"mam": { "min": 10.0, "max": 10.7 },
			"normal": { "min": 10.7, "max": 14.5 },
			"overweight": { "min": 14.5, "max": 16.4 },
			"obese": { "min": 16.4 }
		},
		"90": {
			"sam": { "max": 10.1 },
			"mam": { "min": 10.1, "max": 10.9 },
			"normal": { "min": 10.9, "max": 15.0 },
			"overweight": { "min": 15.0, "max": 17.1 },
			"obese": { "min": 17.1 }
		},
		"90.5": {
			"sam": { "max": 10.2 },
			"mam": { "min": 10.2, "max": 11.0 },
			"normal": { "min": 11.0, "max": 15.1 },
			"overweight": { "min": 15.1, "max": 17.2 },
			"obese": { "min": 17.2 }
		},
		"91": {
			"sam": { "max": 10.3 },
			"mam": { "min": 10.3, "max": 11.1 },
			"normal": { "min": 11.1, "max": 15.2 },
			"overweight": { "min": 15.2, "max": 17.3 },
			"obese": { "min": 17.3 }
		},
		"91.5": {
			"sam": { "max": 10.4 },
			"mam": { "min": 10.4, "max": 11.2 },
			"normal": { "min": 11.2, "max": 15.3 },
			"overweight": { "min": 15.3, "max": 17.4 },
			"obese": { "min": 17.4 }
		},
		"92": {
			"sam": { "max": 10.5 },
			"mam": { "min": 10.5, "max": 11.3 },
			"normal": { "min": 11.3, "max": 15.4 },
			"overweight": { "min": 15.4, "max": 17.5 },
			"obese": { "min": 17.5 }
		},
		"92.5": {
			"sam": { "max": 10.6 },
			"mam": { "min": 10.6, "max": 11.4 },
			"normal": { "min": 11.4, "max": 15.5 },
			"overweight": { "min": 15.5, "max": 17.6 },
			"obese": { "min": 17.6 }
		},
		"93": {
			"sam": { "max": 10.7 },
			"mam": { "min": 10.7, "max": 11.5 },
			"normal": { "min": 11.5, "max": 15.6 },
			"overweight": { "min": 15.6, "max": 17.7 },
			"obese": { "min": 17.7 }
		},
		"93.5": {
			"sam": { "max": 10.8 },
			"mam": { "min": 10.8, "max": 11.6 },
			"normal": { "min": 11.6, "max": 15.7 },
			"overweight": { "min": 15.7, "max": 17.8 },
			"obese": { "min": 17.8 }
		},
		"94": {
			"sam": { "max": 10.9 },
			"mam": { "min": 10.9, "max": 11.7 },
			"normal": { "min": 11.7, "max": 15.8 },
			"overweight": { "min": 15.8, "max": 17.9 },
			"obese": { "min": 17.9 }
		},
		"94.5": {
			"sam": { "max": 11.0 },
			"mam": { "min": 11.0, "max": 11.8 },
			"normal": { "min": 11.8, "max": 15.9 },
			"overweight": { "min": 15.9, "max": 18.0 },
			"obese": { "min": 18.0 }
		},
		"95": {
			"sam": { "max": 11.0 },
			"mam": { "min": 11.0, "max": 11.9 },
			"normal": { "min": 11.9, "max": 16.4 },
			"overweight": { "min": 16.4, "max": 18.7 },
			"obese": { "min": 18.7 }
		},
		"95.5": {
			"sam": { "max": 11.1 },
			"mam": { "min": 11.1, "max": 12.0 },
			"normal": { "min": 12.0, "max": 16.5 },
			"overweight": { "min": 16.5, "max": 18.8 },
			"obese": { "min": 18.8 }
		},
		"96": {
			"sam": { "max": 11.2 },
			"mam": { "min": 11.2, "max": 12.1 },
			"normal": { "min": 12.1, "max": 16.6 },
			"overweight": { "min": 16.6, "max": 18.9 },
			"obese": { "min": 18.9 }
		},
		"96.5": {
			"sam": { "max": 11.3 },
			"mam": { "min": 11.3, "max": 12.2 },
			"normal": { "min": 12.2, "max": 16.7 },
			"overweight": { "min": 16.7, "max": 19.0 },
			"obese": { "min": 19.0 }
		},
		"97": {
			"sam": { "max": 11.4 },
			"mam": { "min": 11.4, "max": 12.3 },
			"normal": { "min": 12.3, "max": 16.8 },
			"overweight": { "min": 16.8, "max": 19.1 },
			"obese": { "min": 19.1 }
		},
		"97.5": {
			"sam": { "max": 11.5 },
			"mam": { "min": 11.5, "max": 12.4 },
			"normal": { "min": 12.4, "max": 16.9 },
			"overweight": { "min": 16.9, "max": 19.2 },
			"obese": { "min": 19.2 }
		},
		"98": {
			"sam": { "max": 11.6 },
			"mam": { "min": 11.6, "max": 12.5 },
			"normal": { "min": 12.5, "max": 17.0 },
			"overweight": { "min": 17.0, "max": 19.3 },
			"obese": { "min": 19.3 }
		},
		"98.5": {
			"sam": { "max": 11.7 },
			"mam": { "min": 11.7, "max": 12.6 },
			"normal": { "min": 12.6, "max": 17.1 },
			"overweight": { "min": 17.1, "max": 19.4 },
			"obese": { "min": 19.4 }
		},
		"99": {
			"sam": { "max": 11.8 },
			"mam": { "min": 11.8, "max": 12.7 },
			"normal": { "min": 12.7, "max": 17.2 },
			"overweight": { "min": 17.2, "max": 19.5 },
			"obese": { "min": 19.5 }
		},
		"99.5": {
			"sam": { "max": 11.9 },
			"mam": { "min": 11.9, "max": 12.8 },
			"normal": { "min": 12.8, "max": 17.3 },
			"overweight": { "min": 17.3, "max": 19.6 },
			"obese": { "min": 19.6 }
		},
		"100": {
			"sam": { "max": 12.0 },
			"mam": { "min": 12.0, "max": 12.9 },
			"normal": { "min": 12.9, "max": 18.0 },
			"overweight": { "min": 18.0, "max": 20.5 },
			"obese": { "min": 20.5 }
		},
		"100.5": {
			"sam": { "max": 12.1 },
			"mam": { "min": 12.1, "max": 13.0 },
			"normal": { "min": 13.0, "max": 18.1 },
			"overweight": { "min": 18.1, "max": 20.6 },
			"obese": { "min": 20.6 }
		},
		"101": {
			"sam": { "max": 12.2 },
			"mam": { "min": 12.2, "max": 13.1 },
			"normal": { "min": 13.1, "max": 18.2 },
			"overweight": { "min": 18.2, "max": 20.7 },
			"obese": { "min": 20.7 }
		},
		"101.5": {
			"sam": { "max": 12.3 },
			"mam": { "min": 12.3, "max": 13.2 },
			"normal": { "min": 13.2, "max": 18.3 },
			"overweight": { "min": 18.3, "max": 20.8 },
			"obese": { "min": 20.8 }
		},
		"102": {
			"sam": { "max": 12.4 },
			"mam": { "min": 12.4, "max": 13.3 },
			"normal": { "min": 13.3, "max": 18.4 },
			"overweight": { "min": 18.4, "max": 20.9 },
			"obese": { "min": 20.9 }
		},
		"102.5": {
			"sam": { "max": 12.5 },
			"mam": { "min": 12.5, "max": 13.4 },
			"normal": { "min": 13.4, "max": 18.5 },
			"overweight": { "min": 18.5, "max": 21.0 },
			"obese": { "min": 21.0 }
		},
		"103": {
			"sam": { "max": 12.6 },
			"mam": { "min": 12.6, "max": 13.5 },
			"normal": { "min": 13.5, "max": 18.6 },
			"overweight": { "min": 18.6, "max": 21.1 },
			"obese": { "min": 21.1 }
		},
		"103.5": {
			"sam": { "max": 12.7 },
			"mam": { "min": 12.7, "max": 13.6 },
			"normal": { "min": 13.6, "max": 18.7 },
			"overweight": { "min": 18.7, "max": 21.2 },
			"obese": { "min": 21.2 }
		},
		"104": {
			"sam": { "max": 12.8 },
			"mam": { "min": 12.8, "max": 13.7 },
			"normal": { "min": 13.7, "max": 18.8 },
			"overweight": { "min": 18.8, "max": 21.3 },
			"obese": { "min": 21.3 }
		},
		"104.5": {
			"sam": { "max": 12.9 },
			"mam": { "min": 12.9, "max": 13.8 },
			"normal": { "min": 13.8, "max": 18.9 },
			"overweight": { "min": 18.9, "max": 21.4 },
			"obese": { "min": 21.4 }
		},
		"105": {
			"sam": { "max": 13.0 },
			"mam": { "min": 13.0, "max": 14.1 },
			"normal": { "min": 14.1, "max": 19.8 },
			"overweight": { "min": 19.8, "max": 22.5 },
			"obese": { "min": 22.5 }
		},
		"105.5": {
			"sam": { "max": 13.1 },
			"mam": { "min": 13.1, "max": 14.2 },
			"normal": { "min": 14.2, "max": 19.9 },
			"overweight": { "min": 19.9, "max": 22.6 },
			"obese": { "min": 22.6 }
		},
		"106": {
			"sam": { "max": 13.2 },
			"mam": { "min": 13.2, "max": 14.3 },
			"normal": { "min": 14.3, "max": 20.0 },
			"overweight": { "min": 20.0, "max": 22.7 },
			"obese": { "min": 22.7 }
		},
		"106.5": {
			"sam": { "max": 13.3 },
			"mam": { "min": 13.3, "max": 14.4 },
			"normal": { "min": 14.4, "max": 20.1 },
			"overweight": { "min": 20.1, "max": 22.8 },
			"obese": { "min": 22.8 }
		},
		"107": {
			"sam": { "max": 13.4 },
			"mam": { "min": 13.4, "max": 14.5 },
			"normal": { "min": 14.5, "max": 20.2 },
			"overweight": { "min": 20.2, "max": 22.9 },
			"obese": { "min": 22.9 }
		},
		"107.5": {
			"sam": { "max": 13.5 },
			"mam": { "min": 13.5, "max": 14.6 },
			"normal": { "min": 14.6, "max": 20.3 },
			"overweight": { "min": 20.3, "max": 23.0 },
			"obese": { "min": 23.0 }
		},
		"108": {
			"sam": { "max": 13.6 },
			"mam": { "min": 13.6, "max": 14.7 },
			"normal": { "min": 14.7, "max": 20.4 },
			"overweight": { "min": 20.4, "max": 23.1 },
			"obese": { "min": 23.1 }
		},
		"108.5": {
			"sam": { "max": 13.7 },
			"mam": { "min": 13.7, "max": 14.8 },
			"normal": { "min": 14.8, "max": 20.5 },
			"overweight": { "min": 20.5, "max": 23.2 },
			"obese": { "min": 23.2 }
		},
		"109": {
			"sam": { "max": 13.8 },
			"mam": { "min": 13.8, "max": 14.9 },
			"normal": { "min": 14.9, "max": 20.6 },
			"overweight": { "min": 20.6, "max": 23.3 },
			"obese": { "min": 23.3 }
		},
		"109.5": {
			"sam": { "max": 13.9 },
			"mam": { "min": 13.9, "max": 15.0 },
			"normal": { "min": 15.0, "max": 20.7 },
			"overweight": { "min": 20.7, "max": 23.4 },
			"obese": { "min": 23.4 }
		},
		"110": {
			"sam": { "max": 14.2 },
			"mam": { "min": 14.2, "max": 15.4 },
			"normal": { "min": 15.4, "max": 21.9 },
			"overweight": { "min": 21.9, "max": 24.9 },
			"obese": { "min": 24.9 }
		}
	}
}
