{
	"indicator": "weight-for-age",
	"gender": "boys",
	"age_range": "0-60 months",
	"unit": "kg",
	"standards": {
		"0": {
			"severely_underweight": { "max": 2.1 },
			"underweight": { "min": 2.2, "max": 2.4 },
			"normal": { "min": 2.5, "max": 4.4 }
		},
		"1": {
			"severely_underweight": { "max": 2.9 },
			"underweight": { "min": 3.0, "max": 3.3 },
			"normal": { "min": 3.4, "max": 5.8 }
		},
		"2": {
			"severely_underweight": { "max": 3.8 },
			"underweight": { "min": 3.9, "max": 4.2 },
			"normal": { "min": 4.3, "max": 7.1 }
		},
		"3": {
			"severely_underweight": { "max": 4.4 },
			"underweight": { "min": 4.5, "max": 4.8 },
			"normal": { "min": 5.0, "max": 8.0 }
		},
		"4": {
			"severely_underweight": { "max": 4.9 },
			"underweight": { "min": 5.0, "max": 5.5 },
			"normal": { "min": 5.6, "max": 8.7 }
		},
		"5": {
			"severely_underweight": { "max": 5.3 },
			"underweight": { "min": 5.4, "max": 5.9 },
			"normal": { "min": 6.0, "max": 9.3 }
		},
		"6": {
			"severely_underweight": { "max": 5.7 },
			"underweight": { "min": 5.8, "max": 6.3 },
			"normal": { "min": 6.4, "max": 9.8 }
		},
		"7": {
			"severely_underweight": { "max": 5.9 },
			"underweight": { "min": 6.0, "max": 6.6 },
			"normal": { "min": 6.7, "max": 10.3 }
		},
		"8": {
			"severely_underweight": { "max": 6.2 },
			"underweight": { "min": 6.3, "max": 6.8 },
			"normal": { "min": 6.9, "max": 10.7 }
		},
		"9": {
			"severely_underweight": { "max": 6.4 },
			"underweight": { "min": 6.5, "max": 7.0 },
			"normal": { "min": 7.1, "max": 11.0 }
		},
		"10": {
			"severely_underweight": { "max": 6.6 },
			"underweight": { "min": 6.7, "max": 7.3 },
			"normal": { "min": 7.4, "max": 11.4 }
		},
		"11": {
			"severely_underweight": { "max": 6.8 },
			"underweight": { "min": 6.9, "max": 7.5 },
			"normal": { "min": 7.6, "max": 11.7 }
		},
		"12": {
			"severely_underweight": { "max": 6.9 },
			"underweight": { "min": 7.0, "max": 7.6 },
			"normal": { "min": 7.7, "max": 12.0 }
		},
		"13": {
			"severely_underweight": { "max": 7.1 },
			"underweight": { "min": 7.2, "max": 7.8 },
			"normal": { "min": 7.9, "max": 12.3 }
		},
		"14": {
			"severely_underweight": { "max": 7.2 },
			"underweight": { "min": 7.3, "max": 8.0 },
			"normal": { "min": 8.1, "max": 12.6 }
		},
		"15": {
			"severely_underweight": { "max": 7.4 },
			"underweight": { "min": 7.5, "max": 8.2 },
			"normal": { "min": 8.3, "max": 12.8 }
		},
		"16": {
			"severely_underweight": { "max": 7.5 },
			"underweight": { "min": 7.6, "max": 8.3 },
			"normal": { "min": 8.4, "max": 13.1 }
		},
		"17": {
			"severely_underweight": { "max": 7.7 },
			"underweight": { "min": 7.8, "max": 8.5 },
			"normal": { "min": 8.6, "max": 13.4 }
		},
		"18": {
			"severely_underweight": { "max": 7.8 },
			"underweight": { "min": 7.9, "max": 8.7 },
			"normal": { "min": 8.8, "max": 13.7 }
		},
		"19": {
			"severely_underweight": { "max": 8.0 },
			"underweight": { "min": 8.1, "max": 8.8 },
			"normal": { "min": 8.9, "max": 13.8 }
		},
		"20": {
			"severely_underweight": { "max": 8.1 },
			"underweight": { "min": 8.2, "max": 9.0 },
			"normal": { "min": 9.1, "max": 14.2 }
		},
		"21": {
			"severely_underweight": { "max": 8.2 },
			"underweight": { "min": 8.3, "max": 9.1 },
			"normal": { "min": 9.2, "max": 14.6 }
		},
		"22": {
			"severely_underweight": { "max": 8.4 },
			"underweight": { "min": 8.5, "max": 9.3 },
			"normal": { "min": 9.4, "max": 14.7 }
		},
		"23": {
			"severely_underweight": { "max": 8.5 },
			"underweight": { "min": 8.6, "max": 9.4 },
			"normal": { "min": 9.5, "max": 15.0 }
		},
		"24": {
			"severely_underweight": { "max": 8.6 },
			"underweight": { "min": 8.7, "max": 9.6 },
			"normal": { "min": 9.7, "max": 15.3 }
		},
		"25": {
			"severely_underweight": { "max": 8.8 },
			"underweight": { "min": 8.9, "max": 9.7 },
			"normal": { "min": 9.8, "max": 15.5 }
		},
		"26": {
			"severely_underweight": { "max": 8.9 },
			"underweight": { "min": 9.0, "max": 9.9 },
			"normal": { "min": 10.0, "max": 15.8 }
		},
		"27": {
			"severely_underweight": { "max": 9.0 },
			"underweight": { "min": 9.1, "max": 10.0 },
			"normal": { "min": 10.1, "max": 16.1 }
		},
		"28": {
			"severely_underweight": { "max": 9.1 },
			"underweight": { "min": 9.2, "max": 10.1 },
			"normal": { "min": 10.2, "max": 16.3 }
		},
		"29": {
			"severely_underweight": { "max": 9.2 },
			"underweight": { "min": 9.3, "max": 10.3 },
			"normal": { "min": 10.4, "max": 16.6 }
		},
		"30": {
			"severely_underweight": { "max": 9.4 },
			"underweight": { "min": 9.5, "max": 10.4 },
			"normal": { "min": 10.5, "max": 16.9 }
		},
		"31": {
			"severely_underweight": { "max": 9.5 },
			"underweight": { "min": 9.6, "max": 10.6 },
			"normal": { "min": 10.7, "max": 17.1 }
		},
		"32": {
			"severely_underweight": { "max": 9.6 },
			"underweight": { "min": 9.7, "max": 10.7 },
			"normal": { "min": 10.8, "max": 17.4 }
		},
		"33": {
			"severely_underweight": { "max": 9.7 },
			"underweight": { "min": 9.8, "max": 10.8 },
			"normal": { "min": 10.9, "max": 17.6 }
		},
		"34": {
			"severely_underweight": { "max": 9.8 },
			"underweight": { "min": 9.9, "max": 10.9 },
			"normal": { "min": 11.0, "max": 17.8 }
		},
		"35": {
			"severely_underweight": { "max": 9.9 },
			"underweight": { "min": 10.0, "max": 11.1 },
			"normal": { "min": 11.2, "max": 18.1 }
		},
		"36": {
			"severely_underweight": { "max": 10.0 },
			"underweight": { "min": 10.1, "max": 11.2 },
			"normal": { "min": 11.3, "max": 18.3 }
		},
		"37": {
			"severely_underweight": { "max": 10.1 },
			"underweight": { "min": 10.2, "max": 11.3 },
			"normal": { "min": 11.4, "max": 18.6 }
		},
		"38": {
			"severely_underweight": { "max": 10.2 },
			"underweight": { "min": 10.3, "max": 11.4 },
			"normal": { "min": 11.5, "max": 18.8 }
		},
		"39": {
			"severely_underweight": { "max": 10.3 },
			"underweight": { "min": 10.4, "max": 11.5 },
			"normal": { "min": 11.6, "max": 19.0 }
		},
		"40": {
			"severely_underweight": { "max": 10.4 },
			"underweight": { "min": 10.5, "max": 11.7 },
			"normal": { "min": 11.8, "max": 19.3 }
		},
		"41": {
			"severely_underweight": { "max": 10.5 },
			"underweight": { "min": 10.6, "max": 11.8 },
			"normal": { "min": 11.9, "max": 19.5 }
		},
		"42": {
			"severely_underweight": { "max": 10.6 },
			"underweight": { "min": 10.7, "max": 11.9 },
			"normal": { "min": 12.0, "max": 19.7 }
		},
		"43": {
			"severely_underweight": { "max": 10.7 },
			"underweight": { "min": 10.8, "max": 12.0 },
			"normal": { "min": 12.1, "max": 20.0 }
		},
		"44": {
			"severely_underweight": { "max": 10.8 },
			"underweight": { "min": 10.9, "max": 12.1 },
			"normal": { "min": 12.2, "max": 20.2 }
		},
		"45": {
			"severely_underweight": { "max": 10.9 },
			"underweight": { "min": 11.0, "max": 12.3 },
			"normal": { "min": 12.4, "max": 20.5 }
		},
		"46": {
			"severely_underweight": { "max": 11.0 },
			"underweight": { "min": 11.1, "max": 12.4 },
			"normal": { "min": 12.5, "max": 20.7 }
		},
		"47": {
			"severely_underweight": { "max": 11.1 },
			"underweight": { "min": 11.2, "max": 12.5 },
			"normal": { "min": 12.6, "max": 20.9 }
		},
		"48": {
			"severely_underweight": { "max": 11.2 },
			"underweight": { "min": 11.3, "max": 12.6 },
			"normal": { "min": 12.7, "max": 21.2 }
		},
		"49": {
			"severely_underweight": { "max": 11.3 },
			"underweight": { "min": 11.4, "max": 12.7 },
			"normal": { "min": 12.8, "max": 21.4 }
		},
		"50": {
			"severely_underweight": { "max": 11.4 },
			"underweight": { "min": 11.5, "max": 12.8 },
			"normal": { "min": 12.9, "max": 21.7 }
		},
		"51": {
			"severely_underweight": { "max": 11.5 },
			"underweight": { "min": 11.6, "max": 13.0 },
			"normal": { "min": 13.1, "max": 21.9 }
		},
		"52": {
			"severely_underweight": { "max": 11.6 },
			"underweight": { "min": 11.7, "max": 13.1 },
			"normal": { "min": 13.2, "max": 22.2 }
		},
		"53": {
			"severely_underweight": { "max": 11.7 },
			"underweight": { "min": 11.8, "max": 13.2 },
			"normal": { "min": 13.3, "max": 22.4 }
		},
		"54": {
			"severely_underweight": { "max": 11.8 },
			"underweight": { "min": 11.9, "max": 13.3 },
			"normal": { "min": 13.4, "max": 22.7 }
		},
		"55": {
			"severely_underweight": { "max": 11.9 },
			"underweight": { "min": 12.0, "max": 13.4 },
			"normal": { "min": 13.5, "max": 22.9 }
		},
		"56": {
			"severely_underweight": { "max": 12.0 },
			"underweight": { "min": 12.1, "max": 13.5 },
			"normal": { "min": 13.6, "max": 23.2 }
		},
		"57": {
			"severely_underweight": { "max": 12.1 },
			"underweight": { "min": 12.2, "max": 13.6 },
			"normal": { "min": 13.7, "max": 23.4 }
		},
		"58": {
			"severely_underweight": { "max": 12.2 },
			"underweight": { "min": 12.3, "max": 13.7 },
			"normal": { "min": 13.8, "max": 23.7 }
		},
		"59": {
			"severely_underweight": { "max": 12.3 },
			"underweight": { "min": 12.4, "max": 13.9 },
			"normal": { "min": 14.0, "max": 23.9 }
		},
		"60": {
			"severely_underweight": { "max": 12.4 },
			"underweight": { "min": 12.5, "max": 14.0 },
			"normal": { "min": 14.1, "max": 24.2 }
		}
	},
	"note": "Data for months 61-71 needs to be added if available"
}
